name,hometown,birthday,detail_url
孙一宁,未知,未知,http://www.meinv.hk/?p=6974
周雨彤,安徽,1994-9-21,http://www.meinv.hk/?p=5322
青山知可子 Chikako Aoyama あおやま ちかこ,日本大阪,1966-7-7,http://www.meinv.hk/?p=3602
崔瑟琪 Choi,韩国,1986-2-13,http://www.meinv.hk/?p=3829
徐雅,未知,未知,http://www.meinv.hk/?p=3745
周二珂,广东湛江,1995-1-6,http://www.meinv.hk/?p=3550
张天爱 2019,哈尔滨,1990-10-28,http://www.meinv.hk/?p=3471
蔡文静,湖北宜昌,1990-01-03,http://www.meinv.hk/?p=5341
李凯馨,台湾,1999-10-12,http://www.meinv.hk/?p=5400
周冬雨,河北石家庄,1992-1-31,http://www.meinv.hk/?p=5289
你的兔妹妹,未知,未知,http://www.meinv.hk/?p=3933
唐艺昕,四川遂宁,1987-10-09,http://www.meinv.hk/?p=5582
冯提莫 2019,重庆,1991-12-19,http://www.meinv.hk/?p=3950
白石麻衣,日本群马,1992-08-20,http://www.meinv.hk/?p=5377
陈妍希,台湾台北,1983-5-31,http://www.meinv.hk/?p=4359
小热巴,山东青岛,1993-10-13,http://www.meinv.hk/?p=4668
古力娜扎 Gulnazar,乌鲁木齐,1992-5-2,http://www.meinv.hk/?p=2749
金鑫,未知,未知,http://www.meinv.hk/?p=4440
许允美 허윤미,韩国仁川,1986-3-23,http://www.meinv.hk/?p=3563
长发萝莉美女,未知,未知,http://www.meinv.hk/?p=6864
短发大眼美女,未知,未知,http://www.meinv.hk/?p=6874
长发贤淑美女,未知,未知,http://www.meinv.hk/?p=6899
短发可爱美女,未知,未知,http://www.meinv.hk/?p=6888
甘婷婷,安徽芜湖,1986-2-5,http://www.meinv.hk/?p=6910
明星美女 20210303,未知,未知,http://www.meinv.hk/?p=6933
明星 20210309,未知,未知,http://www.meinv.hk/?p=6952
明星美女 20210302,未知,未知,http://www.meinv.hk/?p=6923
明星 20210308,未知,未知,http://www.meinv.hk/?p=6942
